{"features": ["R&D Spend", "Administration", "Marketing Spend", "Profit", "State_Florida"], "coefficients": [3.8372771359405494e-07, 5.928534353994836e-07, 6.121791971924295e-07, 1.3632541710159801e-08, -0.5314663944383767], "intercept": 0.26348617510839023}