{"features": ["R&D Spend", "Administration", "Marketing Spend", "Profit", "State_Florida"], "coefficients": [0.01743693863244343, 0.016443507176730477, 0.07411116731656278, 0.0005439531757792437, -0.24791639837576468], "intercept": 0.3243577342735468, "scaler_mean": [73721.6156, 121344.63960000001, 211025.09780000002, 112012.63920000002, 0.32], "scaler_std": [45440.91556256534, 27736.20965129446, 121061.23118271725, 39901.082816672824, 0.466476151587624]}